{"files":{"index.html":{"frameworks":["www","pg.project.items","pg.insight.events","pg.asset.manager","pg.code-validator","pg.css.grid","pg.image.overlay","bs4","pg.html","pg.components"],"last_page_width":456},"halfoody-bootstrap4.html":{"frameworks":["www","pg.insight.events","pg.css.grid","pg.image.overlay","pg.code-validator","pg.project.items","pg.asset.manager","bs4","pg.html","pg.components"],"last_page_width":320}},"breakpoints":[],"frameworks":["www","pg.project.items","pg.insight.events","pg.asset.manager","pg.code-validator","pg.css.grid","pg.image.overlay","bs4","pg.html","pg.components"],"cs-for-overrides":"css/halfoody.css","file-picker-copy-folder":"C:\\Users\\Paolo\\Desktop\\Phonegap Projects\\halfoody-ratchet\\www\\assets\\imagenes"}